,0,1,2,3,4,5,6,7,8,9,10,11,12,13,14,15,16,17,18,19,20,21,22,23,24,25,26,27,28,29,30,31,32,33,34,35,36,37,38,39,40,41,42,43,44,45,46,47,48,49,50,51,52,53,54,55,56,57,58,59,60,61,62,63,64,65,66,67,68,69,70,71,72,73,74,75,76,77,78,79,80,81,82,83,84,85,86,87,88,89,90,91,92,93,94,95,96,97,98,99,100,101,102,103,104,105,106,107,108,109,110,111,112,113,114,115,116,117,118,119,120,121,122,123,124,125,126,127,128,129,130,131,132,133,134,135,136,137,138,139,140,141,142,143,144,145,146,147,148,149,150,151,152,153,154,155,156,157,158,159,160,161,162,163,164,165,166,167,168,169,170,171,172,173,174,175,176,177,178,179,180,181,182,183,184,185,186,187,188,189,190,191,192,193,194,195,196,197,198,199,200,201,202,203,204,205,206,207,208,209,210,211,212,213,214,215,216,217,218,219,220,221,222,223,224,225,226,227,228,229,230,231,232,233,234,235,236,237,238,239,240,241,242,243,244,245,246,247,248,249,250,251,252,253,254,255,256,257,258,259,260,261,262,263,264,265,266,267,268,269,270,271,272,273,274,275,276,277,278,279,280,281,282,283,284,285,286,287,288,289,290,291,292,293,294,295,296,297,298,299
DRUG_CATEGORY,0.7947127,0.48845622,0.9052378,-0.5796913,0.49203995,0.98379683,0.50556064,-0.9497737,0.8862303,0.7987771,0.42379808,-0.6065099,0.6585142,-0.69650555,-0.57072306,-0.53918374,0.62780523,-0.685616,0.59101367,0.8704185,0.4490616,-0.544609,-0.5316129,0.5156934,0.67465484,0.87671846,-0.9204511,-0.6738603,0.9069877,0.6957996,0.7932923,-0.5546675,-0.49351138,-0.77967685,0.9217377,-0.59100306,-0.8414719,-0.5007371,-0.94332623,0.78865874,0.49177852,0.51489156,0.57235485,-0.51459396,0.71738404,-0.91374063,-0.578651,0.6236338,0.55028003,0.6661431,0.55610055,-0.5918178,-0.55261,0.707036,0.63575524,-0.41696745,0.5371794,0.55351996,-0.51795405,0.4346798,-0.7507144,-0.6652036,0.47932827,-0.6989093,0.49195316,0.8436987,0.50893545,0.8651868,0.5533129,0.48896974,0.9678462,0.5515798,-0.60508025,0.6540342,-0.5141587,0.42689192,0.5845237,0.56899446,0.744679,-0.7818432,-0.6198492,0.50313854,0.80359626,-0.61331433,0.87343794,-0.6039039,-0.8870532,0.86348295,-0.5897516,0.4854318,-0.7661414,0.82527304,-0.8307247,-0.45972598,-0.6166365,-0.700628,0.57755697,-0.47572976,0.5954852,-0.55260295,-0.47774085,-0.61097,-0.8118371,-0.523786,0.47921765,-0.96208084,0.84487,-0.5542724,0.8384048,-0.63116825,0.49889356,-0.84317285,-0.48736826,0.7322454,-0.69183046,0.49329785,0.8362428,0.7565908,-0.5852534,-0.523331,0.52501816,0.61702377,0.53899693,1.0169014,-0.60031617,0.94052404,-0.6200147,-0.6326479,-0.66502047,-0.5592347,-0.48363316,-0.5175725,-0.87424904,0.81007856,-0.57775325,0.5430697,-1.0275576,-0.55692494,-0.68069994,0.50571716,-0.42458063,0.4937777,-0.7679984,0.6342698,-0.7704915,-0.53822726,-0.9736309,-0.51010764,-0.7349743,-0.4783955,0.69932944,0.9308252,-0.5320257,-0.93217415,-0.5503715,1.1042594,0.69584894,0.5313198,-0.9177311,-0.52104783,-0.51387054,-0.53820026,-0.61881095,0.468032,-0.9465855,-0.5543268,0.8200732,0.85163873,-0.56628096,-0.6089879,-0.6310622,-0.5018696,-0.51371145,-0.9793967,0.7452258,0.68269235,0.8448803,-0.51593554,-0.716355,-0.777142,0.60403,-0.5857845,0.48466873,0.44989687,0.9018116,0.5062635,0.48353294,0.528198,0.60046667,-0.81047904,0.8990591,0.5826109,-0.79824406,0.773572,0.44694948,-0.5186343,0.8915219,0.8776406,-0.61914533,0.507728,0.56891245,-0.5649961,-0.9413808,-0.55856884,0.5195264,-0.81040186,-0.6668833,-0.6174072,-0.50537294,-0.7213562,0.8509752,0.8955353,-0.6738781,0.4818716,-0.78539574,0.6921827,-0.5233538,0.9131434,-0.8659298,-0.85678667,-0.56652963,-0.4630066,-0.68846804,-0.4799493,-0.8457495,0.8390744,-0.47830153,-0.7668032,0.5623345,-0.5191392,0.6488215,-0.7071703,0.68365604,0.48729604,0.9058044,0.71042633,0.5996032,-0.9480508,-0.77797496,0.65863997,0.50007355,0.6736987,0.796661,-0.47511658,0.8375418,0.88966125,0.39888296,0.7967697,-0.76133,-0.70961183,0.48171005,0.53222555,-0.65954244,-0.5836846,0.77375495,-0.61864185,0.7388531,0.49352092,0.5542521,0.50188965,-0.46147776,0.6426628,-0.8140618,-0.556526,-0.41697776,-0.8908289,-0.5700366,0.5158078,0.5933996,-0.4975741,-0.57539815,-0.7383023,-0.81463236,-0.98329884,-0.5691046,0.6481296,0.9131044,0.57911175,-0.80880356,-0.5337658,0.6135418,0.78962684,-0.69488364,0.8356653,-0.92116815,-0.7078929,-0.86650366,-0.83726,-0.5412861,0.4907448,0.6274342,0.52757674,0.89300793,-0.55376047,-0.759186,0.6960021,-0.6892117,0.86220855,0.65101534,0.7724577
PATHWAY_ENZYME,0.49054414,-0.5028273,0.525471,0.4992716,-0.45801604,-0.50169444,0.4867979,-0.5183201,0.46030653,0.500006,-0.4873217,-0.50468934,-0.48526844,0.50060654,-0.45302084,-0.49327898,-0.47618812,0.50049937,0.49825427,0.49002835,-0.4966728,-0.466706,0.47375855,-0.48705798,-0.471455,-0.47682256,0.50027275,-0.4984376,0.46580172,-0.46203157,0.50002056,-0.46123788,0.49876523,0.49276128,0.5058085,0.51335233,-0.49489355,0.48216027,0.5190351,-0.49705237,-0.46625292,0.48190603,-0.47494358,-0.48655036,0.46830267,0.50150186,-0.46104053,0.45236665,0.45553017,0.48285654,0.4779381,0.49701548,0.47441033,0.50059164,0.481188,-0.48889193,0.46972248,-0.4919758,-0.50138557,-0.4877643,0.4746799,-0.5100594,0.49403703,0.47452283,-0.5139373,-0.5180342,-0.4694534,-0.4728322,0.5068252,0.46629018,-0.506764,0.46290046,-0.4813426,-0.49789155,0.4741727,-0.48068744,-0.5053685,0.50030375,-0.48432878,-0.5040196,0.5112083,-0.49398816,0.5099097,0.48230994,0.4912585,-0.48687837,-0.5142899,-0.5096317,0.4753267,0.4541637,0.47944817,0.49519938,-0.49438772,0.4576436,0.5231776,0.48690045,-0.48503357,0.50937074,0.5040732,-0.44973966,-0.49260306,0.50358814,-0.50014585,0.48716176,0.4944257,-0.4560208,0.47188583,0.48930714,-0.49898925,0.46568087,0.523583,-0.52093977,-0.5036246,-0.46935648,0.49455428,-0.5069751,0.49183112,-0.49471205,0.4254734,0.4748207,0.5126913,0.48836073,0.49039507,0.48135206,-0.4832198,-0.49821714,0.46087185,0.48259974,-0.46145982,-0.50446385,0.5002691,-0.46146005,-0.54851604,-0.47815487,-0.46960667,0.45781228,-0.5217389,0.49839798,0.5066114,-0.44959626,-0.4544731,0.5048246,-0.5107121,-0.48855516,0.5090958,-0.44628346,-0.5002655,-0.4976289,0.49714595,-0.49723274,0.5071683,0.5207119,0.4682195,-0.5194759,-0.4297716,0.52551216,-0.45094812,-0.46533102,-0.52374065,-0.46069813,0.45621517,-0.46843207,0.4828555,0.48950672,0.51983446,-0.46380457,0.49175376,-0.4719696,-0.4780332,-0.49050653,0.47065505,-0.4898122,0.4606829,-0.5119375,0.49373317,0.49665487,-0.48170373,0.49216247,-0.48870835,-0.4703302,-0.43906686,-0.47028702,0.4867495,0.47282073,0.51130617,-0.481053,0.45677832,-0.4748403,-0.49512538,0.50738645,0.46322277,-0.4830613,-0.5024516,-0.49250403,-0.47702584,0.48686016,-0.49515525,-0.51552737,-0.45847023,-0.47725827,0.5017493,-0.4831201,0.50443953,-0.48172283,0.47427386,-0.48219422,-0.48873177,-0.5103662,-0.49248588,0.49776533,0.46180674,-0.47080117,-0.51286787,-0.51772475,-0.46538374,0.49157476,0.47477654,0.5010275,0.45791474,-0.48474014,0.4951375,0.46927267,0.47438967,-0.51088834,-0.5222159,0.5075551,-0.4979563,-0.49568307,-0.48046657,0.48811534,-0.49100223,-0.45795986,-0.48390073,0.5073229,0.5186999,-0.49136195,-0.45430088,0.45108804,-0.51254845,0.47597557,0.49447164,0.47672835,0.452577,0.4599799,0.47299558,-0.48155576,0.49860764,0.45748192,-0.50416243,0.5230833,-0.4724074,0.48899686,-0.46406886,-0.49386436,0.47305658,-0.46820325,-0.5080931,-0.45279855,-0.44469744,0.4961713,-0.5106009,-0.4771035,0.47494695,0.48764092,0.48488572,-0.51789814,0.46780384,0.48868454,0.47414672,0.45724133,0.5067806,0.49411005,-0.4938884,0.48761618,-0.486713,0.46764717,-0.49237955,-0.4869691,0.48985675,0.48987076,0.46658048,0.4740762,-0.47504136,-0.47871777,-0.48500845,0.49442887,-0.496448,0.5272255,-0.48742467,-0.48572448,-0.4717941,-0.49545535,-0.48290715,-0.47448638,0.50974274,-0.48120534,-0.48609826,-0.49306303,-0.44765115,0.47648925
DRUG_TARGET,-0.90406936,0.77990603,-1.0644733,0.8479436,0.5734401,-0.8730595,-0.73100436,-0.71118844,-0.7440408,0.8480595,-0.66729665,0.82657725,0.952844,-0.8002189,0.7439955,-0.68963426,-0.88233286,0.84942955,-0.7502263,-0.8866629,0.7400445,-0.5638869,-0.7674292,0.8486345,0.83255076,-1.0170653,0.96518,-0.84054255,0.9083756,0.9269431,-0.94218963,-0.7426272,-0.8157792,0.8044496,-1.0794052,0.9649141,1.0010003,0.65104043,-0.9794573,-0.8993991,-0.7509318,0.7444639,-0.73484474,-0.7471154,-0.90279585,0.96155834,0.7299057,-0.6723719,-0.7399649,0.92327726,0.84297395,-0.81327015,0.55976164,0.77897596,0.87057626,-0.5415675,-0.6702998,0.7007677,0.62411106,0.35725823,0.8698162,-0.81192774,-0.7939435,-0.855989,0.761665,0.96099967,-0.67900276,0.9746782,-0.75257164,-0.79702216,0.8197365,-0.8896427,0.7538354,-0.89776284,0.6141616,0.6451594,-0.92232126,-0.7398713,-0.8668267,-0.80163026,-0.9656428,0.517527,-0.8763197,0.93021834,-0.90047693,-0.81370354,1.075081,-1.0965544,0.693269,-0.71449065,0.66315293,-0.52056664,-1.1190842,-0.73053277,-0.8610828,-0.86132956,-0.8159937,0.65391487,-0.8652403,-0.6787952,-0.695425,-0.8863128,-0.98719054,0.65033174,-0.8032657,1.0594788,0.87057346,0.41966504,-1.0206549,0.77871716,0.7279657,-0.765993,-0.7929078,0.8825333,-0.83061874,-0.76271,0.93782735,1.0204445,-0.4721027,-0.7699968,0.90302396,-0.7670738,0.7218687,-1.0723109,0.7397909,-0.7440272,-0.56840223,-0.8468122,-0.21449025,-0.70135874,-0.4234762,0.4901244,-1.0756273,-0.9011226,0.713518,0.62610507,1.0451082,-0.69035596,-0.72476715,0.80120885,-0.6262875,-0.5685616,-0.7690637,-0.8761228,0.7220636,-0.68486744,1.0094161,-0.7090996,1.0812855,-0.79304624,0.9285238,-0.93766433,-0.69671065,1.104922,-0.68061304,1.1015537,-0.9326181,0.85579544,0.9081003,0.6725262,-0.7633539,-0.62829775,0.798607,-0.7135665,1.1321353,-0.69587916,-0.8858474,-0.9531513,-0.84040403,0.7624301,0.95643723,0.7552106,-0.6946487,-0.9189115,-0.85868937,0.8374591,0.7921743,-0.76212835,-1.0338322,0.6733737,0.9180814,0.7261773,0.67610884,-0.71868837,-1.0168078,-0.7841722,-0.7729792,-0.7247385,0.8377649,-0.84150606,-0.7939299,-0.76322573,-0.72969824,-0.9629262,-0.90060174,-0.49950424,0.9274141,-0.95530874,0.91395277,-0.79141414,-0.7284278,-0.81340545,0.9469826,-0.4466037,0.7175123,0.8838713,0.7781799,-0.8740427,0.6510509,0.83401453,-0.963507,0.90814734,0.8991633,0.74935246,0.8302631,-0.87977123,-0.6448707,0.8765834,-0.94699156,-0.91737795,-0.7280801,-0.5522783,0.69410527,0.8109534,0.96204907,-0.9400682,-0.7210222,0.9495582,-0.8164159,-0.66710997,-0.95930165,0.954052,-0.8367668,-0.51167077,1.0809498,0.8299342,-0.88487613,0.94981635,-0.9503581,0.8572346,-0.74000764,0.82424164,0.96902174,-0.84646595,-0.96792173,1.0377828,-0.81565,-0.9583642,0.97025216,0.9844242,0.65779257,-0.6469005,0.811344,0.80682486,-0.8252036,0.82937133,-0.83384764,0.72453046,0.6049663,-0.65114164,0.7286268,-0.89505213,0.8568691,0.71414274,-0.76515746,1.0045912,0.48078537,-0.7434297,-0.8787205,-0.6446226,0.8408665,-0.907438,-1.0136166,1.1177219,0.3934298,-0.7375625,1.1251285,0.6338781,-1.0306712,-0.7838997,0.58998615,-0.952798,0.9432098,-0.99801356,-0.77068096,-0.8958436,0.9593543,-0.900217,-0.7046389,0.7028511,0.56696016,0.66598743,0.873032,0.7252026,0.92032516,-0.89271134,0.90040547,-1.0276409,-0.92402726,0.9544711
DRUG_ATC_C5,-1.0147083,-1.0322459,1.2378727,-0.59399676,0.3791291,-1.1969478,-0.799437,-1.2712938,-1.13191,0.7104192,-0.8454527,0.78414124,-1.16276,-0.8658712,-0.91961604,0.7437645,-0.9975132,0.9755845,-0.7533536,-1.1135504,0.2797594,0.63217926,0.88402927,0.4751692,0.9767806,-1.167734,-0.93267363,0.975155,-0.9855251,0.971181,1.1507671,-0.672583,0.77784646,-1.1148405,-1.3434358,-0.92762744,-1.0438119,0.82580036,-1.1453258,-1.0631685,-0.8267231,0.91111094,-0.64593244,-0.71138865,0.9877278,1.1154708,0.06958435,-0.7887236,-0.61723274,0.9376981,-0.85081625,-0.7489931,0.7621163,1.0640292,-0.8805197,-0.8523128,-0.74666554,-0.8528012,0.7502648,0.698359,1.0806497,-0.94640356,0.65304637,-0.8343949,-0.91611046,1.199618,-0.91649544,0.7572303,0.58977467,-0.6300462,-1.2083137,0.24150144,-0.966842,1.0051064,-0.70402217,0.81637174,-0.865317,0.9386705,-1.0715793,-1.0030984,1.1142249,-1.0458267,-0.9768653,-0.95379317,-1.1653321,0.88493216,1.2142445,1.1200184,-0.89781696,0.9663359,1.0138326,-1.1127205,0.5839432,-0.4356095,1.0140771,-0.8703959,-0.8082857,-0.8818491,-0.9682427,-0.7256116,-0.8365921,-1.0397308,1.0341647,-0.8227602,-0.80855274,1.222236,-0.88896054,0.7088455,1.0875747,1.0174145,-0.9134195,-0.9442894,-0.9155724,-1.1275865,-1.0976284,-1.0077488,-1.03744,1.029374,-0.7250965,-0.59606224,-0.93176913,-0.62144876,-0.8067063,-1.2485046,-0.48494872,1.1648197,-0.7461372,-0.7859367,-1.053708,-0.9007034,0.83407664,-0.9156747,-1.3879888,-1.0927736,-0.71177995,-0.8353534,-1.1681992,0.7309692,-0.81850755,-1.0597169,-0.6750557,-0.58748305,-0.8053166,-0.96924126,-1.0625637,-0.93226486,1.3055103,-0.84436405,-1.0677478,-0.72659945,-1.0708079,1.1249547,-0.7980806,1.27618,-0.8512573,-1.3809129,-0.92577803,-1.107503,-1.1078433,-0.7972366,0.9567513,-0.7293653,-0.669605,-0.7033491,1.3224851,-0.8253818,-1.1091123,-1.1143783,-0.9330669,-0.9704423,-0.95181847,-0.9512977,-0.66927457,1.3208869,-0.81509954,-1.1027341,-1.0650454,-0.5852386,-1.2922556,-0.954167,-0.90897065,-0.9416684,0.2639321,-0.3235383,1.2862036,-0.86473566,-0.85406417,-0.8779483,-1.0281963,1.0714056,-1.176457,-0.93569505,-1.1656518,0.99752164,-1.0410326,0.68569756,-1.222664,1.1884738,-1.0036639,-0.88184667,-0.9052271,-0.6461779,1.3029104,-0.7174198,0.22099538,1.1806067,-0.75319153,-0.95910287,0.7461262,1.0171432,-1.0642524,1.0980108,1.1140567,-1.0156622,1.0165071,-1.0341406,-0.66118455,1.145438,-1.0297962,-1.072709,0.7411483,-0.63343877,0.7652436,0.9738223,1.0937021,-1.1740716,-0.6417723,-1.2138233,-0.8348699,1.0354286,-0.9304543,-0.9499396,-0.94226104,0.7137534,1.2730068,0.9983387,-0.7888968,-1.1664468,-1.0828184,-0.43419486,-0.8507461,0.7755997,-1.08966,-0.47007126,1.2856922,1.287683,-0.84620416,1.0160005,0.9831584,1.0349231,-0.8922904,-0.78392667,-0.81930476,0.53218627,1.0735054,-0.7864104,-1.0318209,0.5946914,0.48120332,-0.62641186,0.884693,-0.9376352,-1.0939521,-0.70427155,0.7847204,1.0894796,-0.88494986,-0.69016117,0.72154796,0.9095514,0.7887885,-0.7949119,-1.1347524,-1.3129861,-0.81959975,1.0246612,-1.1555307,0.74552864,-1.0418457,-0.772706,0.8707301,-0.13636208,-1.0898219,-0.9935748,1.1007817,-0.78649014,1.1109614,1.1699755,-0.74333817,0.7420134,0.7161433,-0.833784,1.1095438,-0.917276,0.6338735,-0.9507632,0.8531649,-1.0690278,-1.0912132,-1.1305403
DRUG_ATC_C2,-0.6448513,0.68674916,0.86598176,-0.40072113,0.58197165,-0.77383447,-0.55620444,1.0994742,-0.61801326,0.6682321,0.56017447,0.6625222,-0.938913,-0.6314942,-0.54244304,0.5598553,0.59803534,-0.6960407,-0.63517463,0.6863749,0.5542787,-0.59837943,-0.601934,-0.49210122,-0.754969,0.7998392,-0.6696616,-0.732897,-0.73365825,0.5821969,-0.8141689,0.5262057,-0.5753672,0.7263254,-0.9709559,-0.50301194,0.9178645,-0.62659526,0.5380363,-0.6365491,-0.57077444,0.6886099,-0.56466186,-0.5693363,-0.777725,0.7999435,0.5004083,-0.6073571,-0.49735957,-0.5577753,0.59357005,0.46533877,-0.62732357,-0.63192177,-0.5788586,0.55150753,-0.57804364,-0.54913914,0.63587284,-0.5951052,-0.6623222,0.72479755,0.41422838,-0.6215451,-0.54389673,0.8699173,0.5509863,-0.7456959,-0.54646957,-0.48340607,-0.8753216,0.47744673,0.6191033,0.59695446,0.47356567,0.6278491,0.5824884,0.6862385,-0.80045825,-0.54071796,-0.81399757,-0.73511755,-0.72453845,0.63128895,0.7444026,0.7004158,0.87039196,0.7489402,0.6245352,-0.6387301,-0.7273758,0.7442269,0.931812,0.52534795,-0.65701973,0.6950722,-0.48142514,-0.6645428,-0.6977433,0.6276542,-0.60525054,0.6345384,-0.62901294,-0.5714127,-0.48727947,0.8702193,-0.7154108,-0.4923224,0.6445921,0.72388,-0.6856183,-0.731846,-0.60237145,1.006563,-0.5844772,0.5466707,0.7400203,-0.6225881,-0.57184714,0.55944824,0.73084086,0.5810627,0.590406,-0.84741366,-0.5402373,-0.9295495,0.68581307,-0.58810115,0.69203275,-0.6226674,0.6118351,0.67277116,1.1880646,0.69016004,-0.62080574,-0.70301193,0.78041035,0.5647675,0.6417834,0.549691,0.53291464,0.5106895,0.7560447,0.60648173,-0.8162576,0.6717704,0.91485566,0.5793738,-0.77372056,0.6426445,-0.7603891,0.8114917,-0.62029344,-0.8420278,0.5124089,-1.0100324,0.47720748,-0.7669133,-0.7721776,-0.6070092,-0.6516025,0.5252574,-0.59074265,-0.61305463,-1.042201,-0.64679766,0.7892121,-0.8210117,-0.710797,-0.7554124,0.72204316,0.5186388,0.489673,1.0091069,0.54475874,-0.80247545,-0.7698095,0.5399599,0.8549702,-0.76477426,-0.6467554,-0.59040815,-0.4964813,0.34669778,0.9466491,-0.5763596,-0.5870081,0.59124196,0.71189195,0.691786,-0.81323147,-0.7275396,0.74092877,-0.62364084,-0.8082277,-0.49448714,0.9586033,-0.7331286,0.69597924,-0.69346154,-0.6728666,-0.61153525,0.9985664,0.5467473,0.4715362,0.9453125,0.40175664,0.57468027,-0.56568885,0.6475756,0.7512058,-0.6448037,-0.8608716,0.6152479,-0.72738826,0.6581751,-0.5804429,-0.7312217,-0.8051187,-0.698728,0.51384175,0.4898541,0.6596729,0.6364187,-0.71639395,-0.7920665,0.5766794,0.87243706,0.64804983,-0.6009433,-0.72255445,-0.7469291,0.6070084,0.5468589,-0.9138661,-0.7942258,-0.56295246,0.7048395,0.781843,-0.56700534,0.5673447,-0.69447654,-0.80296123,-0.5537664,-1.1253514,0.95769286,-0.62666756,0.8271687,0.84879625,0.7490115,-0.58898604,-0.52194375,0.49000043,0.67182356,0.79075694,0.55606884,0.79122484,-0.57748,-0.55685717,-0.45772862,-0.5830665,0.6408892,-0.8254211,-0.6313416,-0.52765316,-0.81743413,-0.64848226,-0.50892836,-0.6233726,0.5393138,0.61061394,0.7642135,0.8002937,-1.0158323,-0.58609164,0.7179671,-0.9068828,0.60192263,0.781791,-0.59326136,-0.56570846,0.6384639,-0.816282,-0.7765496,-0.68186164,0.65115637,-0.648979,0.72034216,-0.59041595,0.56860924,0.64617866,0.60570675,0.94744325,-0.63466597,0.5530202,-0.73581934,0.7706174,-0.80733114,0.7015964,0.69477576
DRUG_PATHWAY,-0.6592259,-0.25563443,-0.5844357,-0.6880155,0.4639833,-0.6569929,0.97372204,-0.7117566,0.715859,-0.6562162,0.55062467,-0.5985793,-0.81937534,-0.82231545,-0.70208263,-0.8787,-0.9294335,-0.75526744,0.5212437,0.79063356,-0.8236609,0.30095878,0.68766946,-0.630281,-0.610792,0.7058761,-0.50704664,0.6076309,0.6198581,0.6416881,0.90814096,-0.7713243,0.90001136,-0.63507414,-0.8086301,0.8572816,-0.74787647,0.68573046,-0.737446,0.778074,-0.96012455,-0.54030174,-0.47900313,0.62167627,-0.82156515,-0.71145105,0.5469728,0.7826881,0.76487505,0.8072428,-0.7905507,0.6357351,-0.65343326,-0.85239404,0.7908772,-0.8657253,0.9434427,0.79490787,-0.55237955,0.45139366,-0.6954404,0.7929356,0.6009338,-0.6437876,-0.6415636,0.7951563,0.31086332,0.75500345,0.6947316,0.6858492,-0.7894556,0.72145844,0.82574326,-0.7568331,-0.51021516,0.8743619,0.758774,0.94913095,-0.7226208,-0.60849386,0.59876746,0.30238003,0.56052095,-0.7441205,-0.728743,-0.8332719,-0.5666154,0.71780497,-0.4985068,-0.67971903,-0.7590059,-0.7401073,-0.76204914,-0.7969767,0.6765199,0.7193552,-0.7304453,-0.7095044,0.7486219,0.52858865,-0.7663219,0.6131943,-0.6930434,-0.6836836,-0.88545233,0.7022047,-0.5204682,-0.7919928,0.77702856,-0.7821807,-0.643679,0.7117902,0.8391403,0.8349976,0.75589997,0.7828158,0.7882551,-0.6543371,0.3524863,-0.82861745,0.5320579,-0.8732015,0.6524014,-0.85551274,-0.8104736,0.830515,-0.7546037,0.38489377,-0.7107309,-0.414129,-0.72036517,0.5347289,0.88564163,-0.53959423,0.27478865,0.6655348,-0.7017464,-0.9493895,0.68436795,0.41480404,-0.6843197,-1.0361673,0.7127143,0.8421465,0.6503304,0.75337595,-0.7839549,1.0249792,-0.7126946,0.9659218,0.70054024,-0.84626377,0.6956441,-0.91974103,-0.53237563,0.8050112,-0.7796058,-0.7619413,-0.8615531,-0.72977877,-0.91694325,-0.39254078,-0.5947635,0.32353044,0.8212609,-0.60908055,0.43757492,-0.37829873,0.81854856,0.83447963,0.915971,-0.8231086,-0.75619316,0.6613672,-0.8872244,-0.6577549,0.5306916,-0.5708433,-0.8495761,0.85194457,-0.78690934,-0.53646153,0.66787386,0.51907426,0.79399496,-0.376011,-0.18014283,-0.73520863,0.8177695,0.59478027,0.64417386,-0.65984195,-0.75181645,0.8771307,-0.78763294,-0.8526027,-0.7322472,0.85694057,-0.56096846,0.5900144,0.5690289,-0.77073,0.84605426,-0.79053074,-0.117993414,0.8970978,-0.6129629,-0.7770526,0.6247538,-0.7585933,0.8943967,-0.6809733,0.728972,0.72815704,-0.9210188,-0.5921985,-0.7416896,-0.87016505,-0.89789736,-0.7107558,0.9449463,-0.46634698,-0.49094626,0.7642114,-0.5391338,-0.66648597,0.42907536,-0.82623154,0.5813029,-0.49830353,-0.744669,-0.8657069,-0.8851854,-1.030084,0.6746666,-0.70862776,0.52497005,0.8515341,0.6825254,-0.8216947,0.5799277,0.63335586,0.83441085,0.7016359,-0.742218,0.7567356,0.77262455,0.64055854,-0.7866537,-0.5730413,-0.69157803,0.5996954,-0.7523186,-0.98976743,-0.839619,0.21720621,-0.8142794,0.72938544,-0.19745415,-0.61063254,0.67787695,-0.83295876,-0.84088385,0.71085167,0.9547982,0.9111222,0.5594195,-0.06956384,-0.61319727,0.42857543,-0.20178868,-0.6924022,0.57096595,0.62476563,0.47695068,-0.5784241,0.7085473,0.73435533,-0.8729593,-0.81142545,-0.66787213,0.3203868,-0.75789875,0.72418225,-0.6436787,-0.767824,-0.7795244,-0.46877918,0.0070312684,-0.781579,-0.9686512,-0.96903,0.70552343,0.4971417,0.88186115,0.6273325,-0.57409734,0.94225526,0.8160535,0.61699563
DRUG_ATC_C3,0.7232674,-0.6975672,-0.93807596,-0.26078537,0.38589925,-0.86480975,-0.61559564,-1.0136985,-0.75795215,0.7128679,0.6048378,-0.637516,-0.91147727,-0.71429664,0.54775566,0.5417734,0.68289864,0.74406475,-0.65643203,-0.7584908,0.5909811,0.61276096,-0.63126737,0.49056497,-0.7037817,0.89156175,0.66858816,0.72823113,-0.73119247,0.7648565,-0.8639775,0.5934061,0.5354935,-0.80529195,1.0567086,0.4360382,0.91125715,0.60770506,0.6559108,0.77095556,0.46058074,-0.5814793,-0.6038325,-0.53333116,-0.76107585,0.83852065,-0.5514204,0.6702712,0.6055319,0.6275032,-0.6434663,-0.6156288,-0.635091,0.74975127,0.6532382,-0.6837314,0.59620667,-0.6063548,0.6468276,0.632696,0.8270739,-0.7659391,0.5038054,0.66341376,-0.5873284,0.94226384,-0.7006694,0.80623674,-0.52819747,-0.5401564,0.8935509,-0.60803246,-0.6773429,0.6624804,0.43947622,-0.5679272,0.5549121,0.73827165,-0.8796691,0.609192,0.79618776,0.7112375,0.7577305,-0.7167707,0.83082014,0.68897426,0.9401712,0.7541534,-0.71110475,0.7399918,0.7765262,-0.74322295,-0.95418525,-0.58438605,0.72374237,0.7474958,0.62355167,-0.71708333,0.71360755,0.64849424,-0.6836542,-0.7000627,0.684443,0.51520115,0.527746,-0.9147457,-0.7271715,0.49915624,0.70490915,-0.705993,-0.73162967,-0.78748673,0.57674253,-1.0125029,0.65604216,0.58646506,-0.8004478,-0.70191556,0.5243827,-0.61038744,-0.77503663,-0.6720147,-0.68772036,0.94775724,0.59418875,0.91687125,-0.72580403,-0.6275835,-0.81230026,0.6422027,0.583737,-0.7567144,1.1863502,0.737316,0.6523408,-0.7356763,0.7919078,-0.55740774,-0.726726,-0.73679316,-0.6728214,0.50669694,-0.78505164,0.5534299,0.8479002,-0.7808588,1.0155728,0.59434813,-0.7987259,0.6594649,-0.7786694,0.7946161,0.61914474,-0.8822071,0.6159672,1.1016843,0.67429715,0.7452094,0.85730636,-0.6278357,-0.5831139,0.5423059,-0.6734085,-0.5916401,-1.0102758,-0.630159,0.82689065,-0.8381066,-0.7314597,-0.75642353,0.6808934,0.61260694,-0.6317526,1.0557764,-0.64232635,-0.83483857,0.7805144,0.54696035,-0.9612204,-0.8215134,-0.71638787,0.571693,-0.59349644,-0.3999008,1.0053796,0.49602476,0.5225173,-0.711883,0.73025596,-0.75447744,0.87827015,0.6368538,-0.8452078,0.75925225,0.8260265,-0.5304087,0.9040503,-0.80707496,-0.761197,-0.769914,0.66564995,0.5326166,0.97035396,0.62708795,0.5520539,0.9739986,0.460496,0.7403137,-0.5691728,0.6883437,-0.85825753,-0.74230814,-0.78985333,-0.69413304,0.7218041,0.6462314,-0.57650596,0.80509007,0.8590097,-0.78924274,0.49966106,-0.4827035,0.6803918,0.70895875,-0.74158156,0.8434745,0.6193718,-0.9328651,0.6072702,0.71108955,-0.7834637,-0.7236201,0.6678188,-0.6296165,-0.9867398,0.8232531,-0.55811334,-0.79327404,-0.8247063,0.6087538,-0.64895827,0.8005279,-0.82592237,0.4583383,-1.0795988,-1.0175889,-0.69358236,0.86477405,-0.7672262,0.8406278,-0.6304287,-0.5921351,0.5131252,0.6463823,-0.8240095,0.62657744,0.8178833,-0.60844624,-0.62593526,-0.53589606,-0.6093313,-0.73789424,0.77045554,0.61279017,-0.54230005,0.8276354,0.65167683,0.62441766,0.71823084,0.6534115,-0.69992226,-0.77833444,-0.85462195,-0.97033703,-0.68914425,0.7176414,-0.9770049,0.59287703,-0.91639125,-0.5945953,-0.6163045,0.6461687,-0.8758402,0.7982239,-0.74519104,0.66743016,-0.6898384,-0.84543806,0.61498296,0.6354305,-0.66426545,0.5739156,-0.95878303,0.6303101,-0.6323327,-0.7802904,0.7980752,-0.88264346,0.71054614,-0.80892885
TYPE,0.79351467,-0.52037376,0.04582544,0.6401789,0.63841313,-0.5629062,-0.62047386,-0.7748061,-0.69144624,-0.45821586,-0.6789555,0.7000348,-0.66157216,-0.6987449,0.6394204,0.49192247,0.6462469,0.5001917,0.5978006,-0.65135956,-0.6358512,-0.5516391,-0.5042842,-0.27131128,0.694107,-0.15283279,-0.5374224,0.71861327,-0.84269345,-1.143043,-0.56596124,-0.5562189,-0.5831639,-0.43315706,-0.5325918,-0.8082048,0.043476474,0.548549,-0.6207604,-0.5344001,-0.5705062,0.45174932,-0.26631358,-0.5481026,-0.723323,0.86606,0.46352333,0.57510483,-0.53879213,-0.37663484,0.58825475,0.56371045,-0.52247787,0.6770997,-0.7945311,0.5775953,0.63062763,0.6560561,0.5898151,-0.70176876,-0.59220904,0.5429359,-0.61057943,-0.55024934,-0.6104978,0.7540901,-0.55835485,-0.5196042,0.54859936,0.6153038,-0.9246752,-0.5152327,-0.7722179,0.55114996,-0.57451326,0.73250705,0.11099644,0.5730313,0.64671475,-0.7243786,-0.0030047586,-0.5478282,0.85148156,0.7015501,-0.5414705,0.5290469,-0.31822318,0.33379027,-0.5809616,0.65242153,0.83179504,-0.82961226,-0.97452813,0.50325215,0.9134612,-0.31459218,-0.50523794,-0.73125774,-0.7222111,0.34334746,0.4735999,-0.7030761,-0.22592229,0.5526377,-0.5969086,-0.11447,-0.6932344,0.6408791,0.7046695,0.53845495,0.5602252,-0.68353736,0.42880505,0.77065027,-0.69385225,-0.45164886,-0.415489,0.008177443,0.56822914,0.55596864,-0.64120835,0.64874536,-0.58488,0.028469682,0.45166576,0.2957189,0.56980485,0.71723455,-0.54336727,0.08394193,-0.77721727,-0.5634293,-0.51121116,0.5792566,0.17357592,-0.66740584,-0.08665915,0.6630763,0.084297374,-0.64243186,-0.51685977,-0.6928661,0.34129202,0.7728191,-0.29800406,-0.44109726,0.47749183,0.544788,-0.35018483,-0.29271665,-0.4617671,0.5776279,-0.56765455,0.025533335,0.53586566,0.5412132,-0.10437908,0.28024113,0.2928117,-0.6194659,-0.7121157,0.48675823,-0.32731283,-0.7115148,-0.20932636,0.44419807,0.622153,-0.3391252,0.44240788,-0.33756498,0.77109015,-0.4477328,0.63432086,-0.32687238,0.68961614,0.54892474,-0.74212587,-0.40643355,1.0198965,0.019858789,-0.6140786,-0.29503265,-0.5109463,-0.6585397,0.18115434,0.39555782,0.52978504,-0.29642132,-0.032974217,0.78088087,-0.9223188,0.5365468,-0.40636477,-0.16755933,0.9742748,-0.7239423,0.50236803,0.47809833,-0.1653515,0.2733436,-0.5520421,0.15940812,-1.0656165,0.5794512,0.58907664,-0.69007844,-0.7411151,-0.46565044,0.56639296,0.49077448,-0.05872562,0.802326,0.6096441,-0.605126,0.9985021,0.8985409,-0.43701956,0.6997186,0.15145142,-0.8204943,0.7540878,-0.63249767,-0.8100814,-0.45199758,0.8953627,0.5477915,0.5724702,0.37655273,-0.2849062,-0.55868334,0.08282241,0.055176772,-0.25960597,-0.6861134,0.4366191,-0.6319767,-0.22483803,0.46391907,-0.5584977,-0.32698044,-0.64313823,-0.38659295,-0.49167883,0.5681199,-0.69046,-0.40459934,0.6689757,-0.8357753,0.57384974,0.6720362,0.66477245,0.54510826,-0.6346333,0.5783965,0.48413736,-0.40280586,0.7963162,0.5708203,-0.440813,-0.61144704,0.696636,0.043399327,0.26675913,-0.6217104,0.6910515,0.1825569,0.08075136,-0.57205296,0.016801257,-0.62000763,-0.11724996,-0.41277254,0.040699523,0.15488644,0.46605253,-0.55835015,-0.17512153,0.10865215,0.18411593,0.36003116,-0.1480038,-0.33454543,0.14448084,0.60484636,0.798954,-0.31599876,0.70889664,-0.590034,0.5674366,-0.5726493,-0.61022216,0.66687995,-0.9046362,0.6209143,0.64727736,0.5490545,-0.09109556,0.21402301,-0.56336915,-0.65226805
PATHWAY_CATEGORY,0.19115096,0.24041,0.45118898,-0.5233479,0.35028625,-0.4818562,0.58633685,-0.48393506,-0.4693115,-0.5562416,-0.59556717,-0.3590495,0.48555502,0.28496477,0.6178958,-0.44621238,0.37418044,0.34535173,0.42256612,0.261986,0.5921382,0.72087425,-0.5000594,-0.34934995,-0.6643532,-0.50196403,-0.46943176,0.5608021,0.43943495,0.55237144,0.53353995,-0.5764648,0.6065209,0.62907743,-0.3282118,-0.3322235,-0.43629763,0.58364844,0.3893429,0.4074232,0.46343136,0.47692662,0.61219186,-0.05156357,-0.667852,0.3078223,-0.3078887,0.56096864,0.47056422,0.42456615,0.5013932,-0.47929242,0.4885414,-0.6685601,-0.48781446,0.4661644,0.52689904,0.3307596,0.20177317,0.57843465,0.4551325,-0.5206825,-0.60646445,0.551679,-0.65789443,-0.509435,0.38003626,-0.64308727,-0.31051552,-0.4856672,-0.4978505,-0.7099661,0.58131707,-0.4899568,0.51698464,-0.44987357,-0.46709046,0.44148937,-0.7073004,0.38918748,-0.5568941,0.40766066,0.33340386,0.62261933,0.50233126,-0.37429234,0.35975006,-0.33842066,-0.41359425,0.38869098,0.6772704,0.64425117,0.49217606,0.48790884,-0.38819927,-0.5080267,0.4295499,-0.2776069,0.4366118,-0.6268802,0.45168903,-0.29443663,0.27576047,-0.47207728,-0.45441446,0.6375437,0.46048072,-0.45526454,-0.57882917,-0.5756453,-0.5501377,-0.41058582,0.32970545,0.65189874,0.54517615,0.52680266,-0.34749803,-0.35032478,-0.5438774,-0.51265377,0.35647255,-0.5708904,0.5717862,-0.5418433,-0.64757717,0.51147735,-0.66019,-0.42914045,0.50320303,0.6306987,0.44905087,-0.50732434,-0.4044101,0.22415884,-0.47240597,-0.525795,-0.43606076,-0.6089695,-0.18213989,-0.569727,-0.6701882,0.6729079,0.35330915,0.46840224,-0.3488442,-0.67316806,-0.47544637,0.6460306,-0.5904231,-0.5763659,0.39600584,-0.3611884,-0.5699636,0.585195,-0.69774383,-0.31412387,-0.5225738,0.5954828,-0.49806827,-0.5513517,-0.6699139,0.5428174,0.75242746,0.25953224,0.41417238,0.44063565,0.3914466,0.6106243,0.5046626,-0.60741854,0.6888796,0.6009817,-0.36599836,0.37161562,0.4684954,0.46468607,0.5433954,0.5009358,0.54322445,0.756409,0.6863393,-0.4846139,0.51302516,-0.5068826,-0.27635938,0.39620563,0.60029316,-0.4330893,-0.44520378,0.47490293,-0.5267094,-0.60610324,0.56843454,0.5612173,0.33749944,-0.53338075,0.5505447,0.32887924,0.6454212,-0.55088407,0.34712434,-0.44013977,-0.40388477,-0.4789386,0.47330973,0.4030599,0.65527976,0.41393575,0.53688174,-0.50757676,0.58099943,0.5167486,0.40713894,0.23624492,-0.5500498,0.46293363,0.4368784,-0.511323,0.5753437,-0.5506675,-0.5815322,0.52844787,-0.5479067,-0.15337208,-0.42004585,0.38499734,-0.31333697,-0.52035487,0.3561809,0.3225979,-0.53302205,0.49841955,-0.5458999,-0.4413751,-0.3783059,-0.57963264,0.55555004,-0.39893788,0.38219237,-0.56014895,-0.65971184,-0.34895787,-0.5257364,0.54736125,-0.55055386,0.47235972,0.5048134,-0.5340204,0.41957545,0.22511582,0.57397795,-0.42789027,-0.5414552,0.4778097,0.45259562,0.5427626,-0.52751595,0.5244176,0.6067528,-0.43029892,-0.34612244,-0.6175193,0.4964828,0.49731696,0.33690247,0.5071826,0.4616919,0.50803334,0.52682006,0.5998333,-0.3878131,0.39629593,0.55342674,0.5974515,-0.3309018,0.50990146,0.37082046,0.58298784,-0.4110858,-0.47000983,-0.3599428,-0.4444604,-0.24982777,-0.63442224,0.5375192,-0.31920263,0.4178868,-0.20122284,-0.44671082,-0.41205293,0.5220202,0.5231555,-0.62769103,0.5935043,0.4111552,0.42426395,-0.4583446,-0.6162312,-0.6579805,-0.30091977
DRUG_ATC_C4,-0.78532445,-0.8900413,-1.0450618,-0.46637738,0.47495592,-0.9899777,0.61992717,1.0875757,-0.8695879,-0.80321544,0.6584747,-0.70088834,-0.9508883,0.77599746,0.6109171,0.64437723,0.6681486,-0.5990953,0.7557526,-0.8749872,-0.614875,0.69992197,-0.66181767,0.44126102,-0.7975744,-0.9406822,0.8015936,0.80530757,0.8477942,0.73477256,-0.9823858,0.6727018,0.6555163,0.8751282,-1.136737,0.7359573,0.9396097,0.613138,-0.87595,0.78294474,-0.69344896,0.8007271,-0.62387335,-0.64341253,-0.8945617,-0.96088535,-0.7199227,-0.6509558,-0.6502664,-0.7155991,0.7568663,-0.6747689,-0.73927647,0.84152925,0.75971276,-0.6079635,-0.7280602,0.6020997,-0.47453997,0.60555357,-0.8508612,0.79708457,-0.38739163,-0.6846887,-0.7286692,1.0379506,-0.80390555,-0.8526198,0.71510214,-0.5860518,-1.0105404,0.58718044,0.7587858,0.8001107,-0.69503194,-0.6282837,0.69352895,-0.7789593,0.9483172,0.17851521,0.9172937,-0.8887346,0.8576601,0.73948646,-0.93077296,0.72037524,0.97021854,0.7939338,0.66560656,-0.6533013,0.8779413,-0.877855,0.93320704,-0.58181757,-0.8117797,-0.83708984,0.68306905,0.76094335,0.78076607,-0.72791374,-0.66170114,0.76280344,-0.6367495,-0.60651726,-0.68288326,1.0246965,0.85206103,-0.4554085,-0.8875218,-0.7750307,-0.79624593,0.9004445,0.62382257,-1.0264089,0.7826938,-0.83995855,-0.9150766,-0.84330195,-0.69127774,-0.5487449,-0.80905724,-0.73527545,0.6418062,-1.0800921,-0.741647,0.9891532,-0.79500186,-0.74018335,0.8310648,-0.7560532,-0.6746755,-0.84525895,-1.2187079,-0.72110647,-0.75627846,-0.8564076,0.9690526,0.4022975,-0.82359993,-0.84716266,-0.7198752,0.49094492,-0.8676372,0.6471552,-0.8971959,-0.8213379,1.0870019,-0.7014198,-0.882999,-0.7410767,-0.8745599,-0.86750734,-0.7266356,1.0083351,-0.70671004,1.2360831,0.74034363,-0.89471304,0.9443617,-0.75686955,0.6077939,-0.6774914,-0.52538705,-0.75602704,-1.0728613,-0.74010813,0.93334264,0.9359169,0.7752119,-0.81294745,-0.88497776,-0.77549505,-0.6659408,-1.159017,-0.6773003,0.8844419,0.88114357,-0.62007433,-1.0352149,0.9014697,0.7590042,0.67789584,0.5674445,-0.45169622,1.1154405,-0.53824174,0.54289716,-0.842029,-0.853706,-0.8639201,-1.0005044,-0.8158476,0.9423647,-0.8684615,-0.9162712,0.51243037,-1.0213256,0.91774607,-0.8723006,-0.8617561,-0.77576166,-0.7036351,1.0676061,0.75666815,0.6463695,0.9891645,0.4777775,0.77757984,-0.64215547,0.66913414,-0.928233,-0.8477875,0.8446025,-0.78632504,-0.8244634,-0.84075886,-0.6305417,-0.9628155,-0.8966546,-0.86699724,-0.6059935,0.34536624,-0.60595334,-0.7317729,0.91634357,0.9440472,0.71647763,1.0326662,-0.7055711,-0.67990273,0.8148768,0.69706124,0.722241,0.6318354,-1.0608552,0.86034733,-0.7166214,0.50212216,0.9011803,0.6301036,0.60818714,0.86339426,0.8788408,-0.48068708,-1.1178868,1.1322433,-0.68184984,0.9282009,-0.85522324,-0.92234355,0.7206695,-0.47253165,0.52431947,-0.658778,0.91203254,0.646841,-0.91218144,0.6334739,0.6735882,-0.55049205,0.7414832,0.68669623,-0.91474456,0.6574328,0.6286911,-0.94810086,0.70987445,0.75254834,0.733959,0.74356186,-0.74635875,-0.8752467,-0.92797583,-1.0936224,0.65914464,0.83903354,-1.0146674,0.73014253,-0.9345351,0.7344717,-0.7406086,0.54110134,0.950872,-0.89346296,0.8410382,0.7293289,-0.86868954,-0.9185434,0.640038,-0.67959,0.7121699,-0.73237956,1.0361758,-0.7924728,0.73201305,-0.8936447,-0.78970313,-0.98312247,0.7967439,-0.755213
DRUG_TRANSPORTER,-0.54733455,-0.7111661,-0.80480385,-0.27218434,0.9548049,0.74092746,0.7504699,0.53235734,-0.9256938,0.56455976,0.60402125,-0.3605659,0.9477132,-0.82937425,-0.24149315,-0.8336756,0.61554927,-0.44573414,-0.6614795,0.4678134,0.9836966,-0.7899723,-0.5674395,0.9453416,-0.61885667,0.55761355,0.99756193,0.7912206,0.87690854,1.0309585,-0.72471434,-0.6903372,-0.81042534,0.5271979,0.8346169,-0.5099617,0.9666461,-0.7090082,0.65474856,0.8617615,0.46823943,-0.5099475,-0.5519273,-0.8395981,-0.63200635,0.79213977,-0.62125224,-0.6201316,-0.70374155,1.0828462,0.6763988,0.6505042,0.4379779,1.013946,-0.4160369,-0.77948356,-0.8586902,0.8636658,0.683809,-0.5123037,0.79758096,0.51856244,0.6695255,-0.51043206,0.8947896,-0.81807053,0.39338088,-0.3802158,0.41488072,-0.5806059,0.84726363,-0.93613476,-0.52615774,-0.8651011,-0.6446895,-0.6901767,0.66499704,-0.8999421,-0.56129277,0.7983112,0.7817033,-0.5804117,0.49248242,-0.59875214,0.31599742,0.7258684,0.9500073,-0.80171335,-0.7708709,-0.5506336,-0.42976913,-1.3148305,0.7213415,-1.0477337,-0.8581817,-0.5579997,-0.6463752,-0.8469362,-0.42352924,0.7733399,0.72414845,0.5464378,0.8425026,-0.59593636,-0.5792241,0.783828,0.92725223,-0.8347615,0.58964396,0.7536009,0.36554202,-1.1455941,-0.82748264,-0.9104361,-0.28327435,-0.98804444,0.48655987,-0.41574663,0.61389965,0.5714873,0.40641195,-0.72560567,0.31640634,1.1659448,-0.6756581,-0.7756817,-0.86247146,0.5496309,0.6991429,-0.8860047,-0.33467206,-0.7214538,-0.7525532,-0.9911247,-0.72679836,0.46094438,-0.60526216,-0.82667434,0.7314586,0.5155046,-0.7551736,-1.022563,0.46323162,0.6989534,-0.30253142,0.63605314,-0.99411374,-0.5290743,-0.6499131,-0.8129499,-0.7044346,-0.7069447,-0.74658465,0.47472104,0.5819574,-0.9606411,0.5817053,-0.8067935,0.5777054,0.6057654,-0.9385968,0.3121667,0.90675235,-0.8875502,0.3557374,-0.7645544,-0.85468966,-0.7882514,-0.36388037,0.6668895,-0.5850677,0.74543184,-0.89015007,-0.79198897,-0.48507327,-0.67568773,-0.7152528,-0.9227537,1.3912295,-0.8294799,-0.7756927,0.56455755,0.27995542,0.534711,-0.90916204,0.67856026,-0.74887955,0.7111703,-0.8157616,-0.74821013,0.64086205,-0.4093638,0.9485511,-0.86671776,0.6406731,0.6643649,-0.7787082,0.5781104,-0.74476165,0.72988045,-0.35924992,-0.69648546,-0.6261167,-0.33798885,0.7737555,0.9664029,-0.4234991,-0.6137392,0.5736867,-0.5317431,-0.22920315,-0.43403935,0.8336573,0.7628752,-0.67739874,0.2253412,0.72171456,-1.0187883,-0.88221204,-0.6887416,-0.5941758,-0.8555427,0.8284179,-0.6724218,0.83998084,-0.9337577,-0.6761264,0.56648034,-0.7770327,0.6385102,0.79155135,-0.60765564,-1.069239,-0.73851883,-0.89066154,-0.76330495,-0.8238426,-0.7730904,-0.52033234,-0.69303244,-0.87115616,-0.25542706,-0.834237,-0.18895744,-0.9113361,0.64461416,-0.858522,0.608913,0.40542272,0.71866137,0.84713256,0.5862959,-0.4189199,-0.783953,-0.65306884,0.8905031,-0.6980813,0.5648258,-0.64198744,0.42337957,1.0149937,-1.1002591,-0.8280466,0.6714115,0.7216289,0.90620995,-0.37045777,-0.59528846,0.5932157,0.35707375,0.7102041,-0.98734033,0.7011118,-0.7944325,-0.35860544,-0.6219254,-0.8299364,-0.46006998,0.69697994,0.036254574,-0.8391665,0.38557568,0.99524224,0.84075993,0.5919152,-0.804655,-0.57951427,0.5326309,0.40093106,0.7950606,0.5741853,-0.6953927,0.721049,-0.493,-0.73291266,-0.8201534,0.8138917,0.6041499,0.5577204,-0.9084469
DRUG_ENZYME,0.95286775,0.6680815,0.6040811,-0.7121083,0.6417239,0.6532442,0.5417312,-0.36930087,-0.78287655,0.8511145,-0.5753861,0.6151677,0.19096924,-0.089797184,0.6368764,-0.8035494,0.62923795,0.20922902,-0.7104199,-0.4821299,0.73269075,-0.81381136,-0.6490865,0.74848646,-0.58250403,-0.7525822,0.94774806,-0.82430255,0.7009749,0.93939817,-0.9347344,0.41465047,-0.7423899,0.4875267,0.8290724,0.7025608,0.4915442,-0.15707779,0.7355664,0.48970315,0.3378019,-0.5936681,-0.5488494,0.5076222,0.6140724,-0.34640828,0.82090676,0.38326615,-0.5535181,0.5651836,0.7840586,-0.79884607,0.5936998,0.8418303,0.6901618,0.7076704,0.42121068,0.6067824,0.7984073,0.46515757,0.70593524,0.27310392,0.35250604,-0.1450009,0.80674005,-0.87235785,0.653435,0.7958447,-0.37825972,-0.7150628,0.17101228,-0.94913125,0.73672336,-0.9909618,0.5696077,-0.6878451,0.7267002,-0.7780391,-0.024261288,-0.8328663,-0.80506235,0.6916411,-0.008483305,0.52543056,0.7423448,-0.774385,-0.71684414,-0.8251515,0.53964394,0.7352619,0.6375278,-0.9137246,-0.9409973,-0.6336041,-0.829559,0.70083123,-0.37596148,-0.3663487,0.77056944,0.73224,0.7566335,-1.0390276,-0.8487351,0.55349016,-0.774484,0.8744463,0.8182167,-0.44442442,0.76098317,0.828784,0.68981105,-0.8353254,-0.8236286,-0.58495045,1.1273751,0.4778874,-0.35371426,-0.80707145,-0.5910477,0.5401871,0.70550615,-0.74585164,0.80077404,-1.1312686,-0.8040767,-0.7999487,-0.45631686,-0.66119784,-0.5287141,-0.80461234,-0.4880942,0.47248954,0.5791827,-0.6472059,0.6610575,-0.79659516,-0.43583724,-0.8558488,-0.67616534,0.70048857,0.7678974,0.39520064,-0.7492383,-0.8112963,-0.8239988,0.62307924,-0.6637581,-0.9238987,0.70920354,-0.85690874,0.6791503,-0.87070066,0.66795194,-0.74921066,-0.7229703,0.81295776,0.63193727,0.6253437,0.7852038,0.41761822,0.43372875,-0.74166596,-0.68774396,-0.5494814,0.89466995,-0.4877128,-0.6434476,-0.72934574,0.5744882,-0.12984134,0.8428871,0.676765,0.62395513,0.90523887,-0.28340164,0.23917858,-0.42491314,-0.41283172,0.97984123,-0.7411801,0.62100875,-0.73213553,-0.6376384,0.62927645,0.69592595,-0.86029404,-0.8305588,0.7143805,-0.86550444,-0.688236,-0.62836593,-0.72846824,0.91289955,-0.569363,-0.63410556,0.31253737,-0.7754705,-0.78968275,-0.765307,0.71930075,-0.5456779,0.49610206,0.5980419,0.66656595,-0.72838,-0.4961358,-0.74765366,-0.5032962,-0.30756682,0.6877054,-0.9517552,-0.610535,-0.7981659,0.5333169,0.41585836,-0.9039591,-0.75323975,0.87728155,-0.8217674,-0.8554893,0.5984459,-0.7357927,0.77560586,-0.61227036,0.9297768,-0.92361295,0.2483132,-1.0514121,0.75398785,0.74562526,-0.76592803,0.7206408,-0.6565767,-0.7651028,-0.77875406,-0.24753731,-0.7314459,-0.7525324,-0.561533,-0.80933714,0.6739819,0.7888106,0.85430104,0.27474475,-0.8431424,-0.3772037,-0.7251646,0.45493042,-0.7244319,0.9890536,0.7926433,0.6001312,0.69984424,0.5681329,-0.4073388,0.81018376,-0.9477454,0.91484386,0.8230966,0.74148905,-0.4676127,-0.7197371,0.73590845,0.22747953,-0.56217295,0.8649957,-0.76883936,-0.6895897,-0.66343427,-0.7403918,0.7413264,-0.3544375,-0.5180996,0.43855026,-0.77565724,-0.16829976,0.6126181,0.7372796,-0.8047074,-0.64390856,0.7204627,-0.6348369,-0.5427595,-0.5611529,0.22985768,-0.60267246,0.812698,0.807817,-0.8039637,0.82898206,-0.5710876,0.77196914,-0.60278285,0.66816455,-0.630785,-0.70892286,-0.64246756,-0.7702047,-0.50602967,0.77628183
DRUG_ATC_C1,-0.5229208,-0.62710625,0.678833,-0.27588093,-0.4745815,0.5769923,0.52077454,-1.188425,-0.36036813,0.67204756,0.5412549,-0.7894306,-1.0125422,-0.47180423,0.3985074,-0.487735,0.5520454,0.6964344,0.5402341,0.47260627,-0.54638726,0.5207491,0.5400553,0.43562424,-0.67937475,-0.6974768,-0.47585645,0.5785809,-0.5599888,0.83038306,0.87171936,0.4436275,-0.47707823,-0.64861214,-0.93995404,0.40543655,-0.9522468,0.58217543,-0.4144221,-0.4889635,0.53827035,0.628242,0.51136816,0.4368975,0.6165242,-0.6697636,0.42501688,0.44230926,0.48571697,0.64084095,0.67801774,0.4973676,-0.56995636,-0.80416834,-0.5732335,-0.55033016,0.53232086,-0.5203676,-0.4672622,-0.599413,-0.6452834,-0.68026775,-0.34415194,0.65374863,-0.4695873,0.9482663,0.5052445,0.69959086,-0.45060605,0.40734416,0.82380563,0.33673924,-0.60957813,0.5478848,0.510049,0.58680165,-0.36053282,0.5951557,0.7991705,-0.3839029,0.77115136,-0.6493193,-0.6502396,0.6144145,0.5999676,0.62021065,-0.8218139,0.73704433,-0.621448,0.5905977,-0.58338827,-0.7134705,-0.96515435,0.50465727,-0.7781491,-0.70438606,-0.63189864,0.67964983,0.68679297,-0.56365824,-0.4801788,0.60523635,0.57047075,-0.4750485,-0.50688094,0.74470913,0.5211247,0.37818205,0.48138642,-0.5764226,0.70377845,-0.80827624,0.3918731,-0.8985341,-0.60638535,-0.5613382,0.52335054,-0.4872836,0.39408565,0.42928863,0.6926857,-0.53626966,0.59294236,0.9066224,0.4121788,-0.81964076,0.47915283,-0.5167223,0.77178437,-0.6931537,0.6827249,-0.6668792,1.3511924,0.62264925,-0.5348881,-0.61796415,-0.7476497,-0.5145299,0.4406823,-0.6931842,-0.51694524,-0.48447418,-0.88005483,-0.57155293,0.7861961,0.67506146,0.92309177,-0.6068999,0.7050539,-0.6314529,0.8723709,0.67996424,-0.4760576,-0.7507332,0.39575818,1.0193037,-0.43000135,0.7876789,0.6187402,0.6025229,0.52471167,-0.48569742,-0.41880396,-0.5343723,-1.1257474,0.548135,-0.6184642,-0.784201,-0.4434381,0.613456,-0.6718108,-0.44069156,-0.49449384,-0.98340696,-0.47685155,-0.84974,0.60315126,-0.4448726,0.6614275,-0.76858455,0.69269824,0.4657375,-0.49612916,-0.3784548,0.84183276,0.46371746,0.4384756,-0.5300551,-0.69494647,0.5834617,-0.85365075,-0.6476215,0.3595441,0.68372196,0.8272245,0.3593468,0.9818824,0.5211145,-0.67748743,-0.6264766,-0.5390704,-0.46598333,-0.77791905,-0.5252992,0.44383243,-0.8478438,0.24561575,0.6114549,0.5150702,0.48521465,-0.8295254,0.72508764,0.7860525,0.5597895,-0.63210034,-0.6522685,-0.44734448,0.44491026,0.9063675,0.7053465,0.5223961,-0.3904138,-0.53856677,-0.5496435,-0.5890714,0.7854426,-0.5261669,-0.8587779,-0.55411434,-0.57723343,0.67035055,0.74071807,-0.3588934,-0.44509348,-0.9138786,0.78851485,-0.3339437,0.7922161,-0.7310479,-0.47508383,0.52097523,-0.59392554,0.7003941,-0.5112211,-1.1123447,1.0280904,-0.5708805,0.7958806,0.8499989,-0.7613964,0.59772635,0.37379715,0.3648682,-0.6640664,0.6515354,0.5267934,0.71848005,0.46117756,0.4921337,0.45276883,0.53898114,0.54789007,-0.7711332,-0.48371142,0.4722003,-0.817422,0.6129771,-0.48029166,-0.7279417,0.50611895,0.56656694,0.49335104,-0.6251457,0.9838881,0.5709544,0.623933,0.576883,0.5691134,-0.7094454,-0.41365173,0.5470134,0.5801282,0.7030844,-0.6578413,-0.72836804,0.67058873,0.78456485,-0.68644476,-0.4955627,-0.50688237,0.519389,-0.5274075,0.94340885,-0.5782398,0.5336229,-0.53547984,-0.5890511,0.64679074,-0.6060463,0.4551285
DRUG_CARRIER,-0.42572403,-0.75783134,-0.38250887,-0.8959726,1.0525501,-0.6746424,-0.6547734,-0.97237986,0.38480237,0.6798322,-0.95214474,1.0152551,1.0181795,0.690933,0.83454704,0.6407649,0.6354733,-0.52014077,-1.1237777,-0.7519006,1.1709863,-0.9051253,0.5672826,-0.43747538,-0.6250396,-1.1624076,-0.56335616,0.84494185,1.0201125,0.67341816,0.53447056,0.6617115,-0.9826893,0.6657234,-0.884183,-0.33548778,-0.7910118,0.93954265,-0.27883092,-0.4937083,-0.49883938,-0.47030103,-0.85276234,0.78833103,0.7375706,-0.5885515,0.6620761,-0.7876139,-0.8013075,1.2260374,0.71593624,0.7287782,-0.68660384,0.9273881,-0.77814204,-0.6558201,-0.5138653,-0.4408817,-0.73577565,-0.7298748,-0.3858173,-0.5612909,0.7555574,0.6740706,-0.33172223,-0.6533128,0.6258049,0.980263,0.5447123,0.26800853,0.9823098,0.1773566,-1.0404942,0.87860036,-0.85883003,-0.7161583,-0.6076442,-0.8068744,0.7112986,1.0139835,-1.0122073,-0.7352255,0.9126405,1.0195948,0.8047337,0.5860941,0.62165177,-0.9930332,-0.53621614,-0.70430356,1.049654,0.6540509,0.6499631,-1.258775,0.48250225,0.9010069,0.6516498,1.0586116,0.82510304,0.74232024,-1.0314465,-0.64494294,0.7943525,-0.82064426,-1.0463845,-0.5467479,-0.47746167,0.79296416,0.7306756,0.82890326,-0.5089192,0.8574912,-1.0216831,0.70089465,0.20464253,0.4926222,-0.5924583,-0.6468909,0.6529875,-0.9037743,-0.56967735,0.35627413,-0.59132504,0.33401668,0.881059,0.8588187,0.6983246,-0.6604087,-0.5915077,-0.6945077,0.76524395,-0.6396714,0.9223031,-1.0666853,0.6299185,-0.9677942,0.6379383,-0.9753342,0.58558285,0.4041566,-1.0572615,-1.1280272,0.7823779,-0.944388,0.6018822,0.64922124,-0.24129486,-1.1153897,1.0487617,0.24373922,0.3526751,0.6778223,0.46171778,0.9729087,-0.8077858,-0.82816577,-0.83569545,0.8581313,-0.38166136,-0.7193995,0.5813474,-0.14913276,0.8225701,-1.0084004,0.55351025,-0.9037814,-0.9235619,-0.66687393,-1.2654344,-0.59495157,-0.5918146,0.72461236,0.76017666,-0.74156654,-0.5994688,0.4157768,-0.5771988,0.64074945,-1.3384007,-0.88924634,-0.3378166,0.90942925,-0.66590244,-0.5223831,-1.348804,-0.952786,0.41441298,-0.9734509,0.5416972,-0.7838714,0.5746121,0.66094476,0.5456065,0.7022221,-0.7339659,0.3870472,-0.8567543,0.27135676,-0.9194782,-0.8393188,-1.0415665,-0.9586995,0.6855134,0.52377635,0.96984035,1.0941174,0.7700622,0.42992967,0.37927824,0.734938,0.6704691,0.9683154,0.66370034,-0.6460559,0.8111467,0.5697181,0.79453474,0.5170969,0.78381085,-0.9202423,-0.46269175,0.32965282,-0.593407,0.9209372,0.23387259,-0.7288918,-0.6364093,-1.0398685,0.90698993,-0.7050538,-0.6076016,-0.15489416,0.5724734,0.9089269,-0.56565213,-0.7014782,-1.0859954,0.15016764,0.6772853,0.6511577,0.34923917,0.9228433,-0.62200767,-0.7907815,0.48716947,0.567286,-0.9845945,0.5098818,0.4877181,-0.5328727,-0.28526032,-0.7621861,-0.7425044,-0.43085083,0.768642,-0.64668846,-1.0801433,-0.3911049,-0.4703985,0.6621152,0.8137586,-1.0328549,0.8447982,-0.7979312,0.73474777,0.7766461,-0.4094771,0.6652368,0.84328896,0.784412,0.96985435,-0.27929738,-0.56086826,-0.8972995,-0.4160755,0.5393264,-0.6029836,0.89880574,1.0063084,-0.89973956,-0.6669811,-0.7086965,-0.5245195,-0.83749485,-0.45598543,-1.0489116,-0.78868324,0.6188908,-0.78960055,-0.3960759,0.7946854,-0.62088144,0.8690139,-0.46343368,-0.84131974,-0.67321694,-0.7795867,0.2015503,-0.51487464,-1.0616895
